NAWQA_ID,AGRI_12,NATU_12,URBA_12,N_LOAD,WSWT,FIRE_TRAIN,CEMT,CHEM ,CLEAN  ,CONS ,ELEC ,FURN_CARP,GLASS,INDU_GAS,LANDF ,METAL  ,MACH  ,MINE ,OILGAS,PAINT  ,NATDEF   ,PAPER  ,PETR  ,PLAS  ,TEXTILE,AIRNG,ARMNG,FIRE_ST,FRS,SUPER ,OILREF,AIRP
MIAMSUS1-01,74.10,21.80,4.10,58,5166,97271,4986,37220,63000,39878,34613,246660,34700,65818,13571,5977,10486,100387,242988,4986,62725,14436,7047,6371,30633,85255,7275,5279,368,40875,120274,9140
MIAMSUS1-02,90.50,6.40,3.20,64,1599,137857,34039,3545,2537,72969,2627,237123,31183,45456,7311,2627,2537,146446,188842,19231,25218,4796,33141,6147,40594,25090,19790,4790,2557,36219,78304,6111
MIAMSUS1-03,80.00,1.80,18.20,249,8286,148911,8684,12053,14013,66912,18222,262055,25170,22201,7090,3596,8016,138155,194463,12129,7462,26687,8612,5631,19810,7261,17133,2804,2956,19110,97923,7070
MIAMSUS1-04,32.70,0.00,67.30,140,2311,154435,28207,9197,7895,82458,2288,243275,44369,42674,6410,3259,6644,129583,192050,8345,14491,21507,29071,5070,34443,14541,3948,4029,1139,37800,95976,2885
MIAMSUS1-05,99.10,0.90,0.00,42,6023,121951,46666,12359,13911,70738,13134,226382,15764,55867,12658,4172,12693,154599,173469,35133,36621,12166,45280,20471,31283,40500,35719,7036,4451,37756,62520,10199
MIAMSUS1-06,57.30,17.30,25.50,180,6978,145374,11579,10531,12180,64551,17412,258963,28836,23997,9289,1834,10537,141763,198988,11760,9938,27132,10817,8451,24740,9696,17035,2316,822,18147,92929,3705
MIAMSUS1-07,97.70,0.00,2.30,161,4248,159036,21456,6682,7115,79641,5428,250301,37552,36667,8801,3496,4264,128825,189216,4024,7821,26177,23214,5292,27407,7921,3095,4031,3400,33206,99459,6649
MIAMSUS1-08,13.20,2.30,84.50,475,1977,127999,21821,4728,10907,42183,6793,270000,22731,11427,7373,1761,6829,161590,211068,7885,10347,12735,8800,1798,14546,36290,14181,1918,1773,8697,97114,5964
MIAMSUS1-09,86.80,11.40,1.80,60,2302,162825,20425,15999,19453,76618,12419,287775,12303,22198,12371,12742,19270,129761,176122,13106,20482,14797,11495,10813,11358,32149,12999,2777,1502,19546,125345,556
MIAMSUS1-10,34.50,9.10,56.40,182,3391,151261,43870,7467,7038,71750,16521,303251,23565,13409,11991,8245,8530,140906,197393,13497,6315,6251,10686,7010,21051,27191,11647,1693,709,19396,144785,6005
MIAMSUS1-11,9.50,0.00,90.50,226,963,126274,25080,9624,25308,96882,24169,316854,28140,17181,4671,1347,6612,129392,201490,19121,28737,25317,8346,6915,21547,34989,25087,1306,591,15357,174414,2403
MIAMSUS1-12,52.70,0.50,46.80,122,2289,150779,40583,9158,10510,65893,4515,302690,24415,8909,5828,2308,5763,152673,190996,8131,15845,3448,7580,4455,21911,33954,6109,1185,1617,16144,131202,3904
MIAMSUS1-13,86.80,0.50,12.70,299,3323,152079,26023,5325,3477,77528,3447,245009,42166,39319,1568,3477,4114,134200,195898,6019,12815,18722,25749,2255,33635,12780,5524,2248,2257,33516,92402,3952
MIAMSUS1-14,19.10,25.00,55.90,50,3510,150530,35975,5132,13758,65007,4304,300897,19805,13208,5298,1402,10326,150152,190173,12529,20404,1733,11584,4066,23246,37163,9844,1031,1009,11871,128077,3808
MIAMSUS1-15,0.90,45.00,54.10,382,2622,124303,33286,7684,9485,113229,1379,331576,6619,24253,9980,6683,7136,132667,153675,8825,21445,24863,9297,8610,21499,18885,5872,1465,2094,9223,164376,7275
MIAMSUS1-16,0.00,0.00,100.00,51,2804,151342,10328,4605,9681,65643,4572,281377,5880,12042,8980,9640,8470,138458,187992,9137,8035,12857,4442,2411,9295,23968,4216,2463,923,11350,112243,6287
MIAMSUS1-17,0.00,0.00,100.00,21,1357,136445,13275,307,4030,51012,2749,272622,15599,3857,2040,1204,1204,152582,202930,1195,4780,8383,307,2127,7273,28292,9274,2121,247,1462,100452,4600
MIAMSUS1-18,95.50,3.60,0.90,68,5872,142729,34443,9499,8672,79111,8424,235984,36128,47032,6218,8424,8672,139243,192892,16030,22741,10090,33860,8257,43616,22678,14744,6170,4301,39282,84765,7264
MIAMSUS1-19,5.90,0.00,94.10,56,7325,134089,22344,6640,7965,47791,2150,278370,16765,6768,4965,2243,7035,157580,204835,7107,6640,6376,6640,6498,10193,37534,7738,1339,1428,7668,105527,2998
MIAMSUS1-20,73.60,2.70,23.60,68,6858,135357,40309,5193,5834,79357,3916,230374,28916,52194,3458,3954,5812,144650,185410,23251,29823,5288,39533,12949,44757,29738,22228,4404,3946,43262,78351,1186
MIAMSUS1-22,32.30,0.00,67.70,961,1360,140906,6685,13907,16889,58246,13640,264592,22991,16156,4558,3605,6510,146257,201071,13301,9210,21162,5115,4683,17808,15961,20486,431,1016,10391,94283,2712
MIAMSUS1-23,28.20,22.30,49.50,288,1130,153719,40841,5408,7486,76605,11127,309497,17433,10069,8752,7354,6457,147356,190432,10650,3316,6813,8659,8545,15107,20966,9257,2842,1048,13997,147521,7793
MIAMSUS1-24,22.30,1.40,76.40,506,2059,154390,7913,8733,13602,69002,8766,278601,9569,15587,4918,9722,7035,134774,185303,6103,11478,16725,7913,6348,6588,21014,7156,810,1129,15231,112781,3010
MIAMSUS1-25,61.80,0.90,37.30,205,3665,132727,15400,9679,9518,51587,11489,257024,29854,20297,13472,9030,9698,154339,205600,9518,15765,14661,9509,9107,23010,22595,26000,3524,3288,8958,85960,4950
MISESUS4-01,23.60,71.80,4.50,5,558,211587,149911,27125,137575,56011,59072,376595,46158,101885,11806,45863,29296,223975,168492,137701,54744,45362,27125,21751,76930,113806,21674,135,557,78858,162003,13987
MISESUS4-02,94.50,5.50,0.00,13,11657,204270,76868,35368,65049,46208,25593,360278,70172,73550,27087,26350,50524,222704,229496,65169,76384,67939,52443,15889,65169,39762,16867,5082,3671,55683,98306,11213
MISESUS4-03,0.00,0.00,100.00,0,5825,214059,18128,8727,7865,23269,2574,318569,10747,17787,7295,2574,9268,176521,258623,13731,11077,9639,10101,8615,11136,10791,926,1479,881,7094,33257,5963
MISESUS4-04,85.00,14.10,0.90,85,6593,220434,53314,9571,31117,60584,8314,328940,38878,51309,8178,7186,32465,206989,228841,31237,48015,44390,47391,7186,31237,20760,7002,4855,5132,28498,70133,2634
MISESUS4-05,84.50,13.60,1.80,76,10372,231593,43050,18733,8556,45396,25626,309074,17542,42621,11688,18826,11796,189549,233718,8657,32626,27305,33923,10157,8657,29399,18809,4094,7496,21486,52791,10263
MISESUS4-06,28.60,69.10,2.30,46,12636,198283,43404,14200,41651,54679,19159,345141,41297,40004,15036,15645,38975,209804,249790,41701,44527,43490,41985,16737,44107,7953,18353,6231,5991,24779,65744,14501
MISESUS4-07,32.30,60.00,7.70,19,4715,251112,117535,61242,83776,82674,61218,348627,39438,115305,26449,36111,43823,199937,178449,83776,45904,33921,62020,36323,80079,81963,7213,4198,3372,92800,133598,7826
MISESUS4-08,49.10,50.90,0.00,15,22355,229836,118613,62057,96300,60352,61653,372310,31415,115635,25106,28069,36692,225797,198051,96427,42630,24577,63090,32139,96427,81285,11763,2859,2501,95453,138157,14883
MISESUS4-09,79.10,15.50,5.50,8,8864,282658,109870,40584,75031,127845,40644,310273,68924,59753,3311,27806,49437,272986,129271,84711,61720,31189,51653,49601,100909,94963,26660,8946,4181,77945,129920,15712
MISESUS4-10,99.10,0.00,0.90,8,9874,155379,114129,27368,113775,16170,83566,420887,96358,109899,43396,37651,12020,170713,190186,114132,107814,71241,34726,41400,90675,86413,15569,5804,6276,91543,138835,9401
MISESUS4-11,52.10,46.90,0.90,13,17546,263130,117048,30684,83110,116202,38925,321137,61109,59531,21316,46972,31082,272660,142573,92718,57025,41306,33302,31113,94072,104201,31130,16096,13993,96092,126883,14784
MISESUS4-12,14.10,21.80,64.10,60,786,254244,52688,10325,19152,45914,30141,279473,21852,46390,11391,9384,9384,164106,237995,7351,38541,33390,39181,7351,23593,38816,31696,834,416,28881,46256,3307
MISESUS4-13,9.10,0.00,90.90,3,7949,234096,37933,11799,13522,24223,15589,292374,36842,11799,8355,9348,18215,133664,281186,11370,4137,22758,20540,13212,24664,32470,1659,779,3906,17502,13756,2176
MISESUS4-14,0.00,0.00,100.00,17,8558,231625,28976,8611,5533,22526,8916,298904,11531,26281,6139,8916,8208,161390,256460,13719,14978,10894,16433,9099,9099,15298,8335,1046,3866,13734,25832,625
MISESUS4-15,63.60,14.10,22.30,19,8371,262263,73215,24496,26983,28901,28284,252771,39129,51531,31626,12176,26318,126733,262217,26769,44639,52642,12123,20428,58480,62336,27405,5941,178,11747,53001,18020
MISESUS4-16,89.50,8.20,2.30,36,8775,226238,138534,5159,33882,33499,22189,201749,35419,64624,6506,4995,25560,83504,197174,38259,27878,11824,64388,21503,12861,130031,5138,5816,5887,17879,114697,13459
MISESUS4-17,0.00,0.00,100.00,30,4226,208918,133665,7237,63411,4573,7814,193533,3209,85367,9531,4253,3860,115704,210922,6068,25579,5053,48717,6725,18548,122753,476,586,3986,3986,112360,2664
MISESUS4-18,51.40,16.70,31.90,28,1788,247935,122191,26849,18856,17485,24318,223805,34741,42641,13716,26821,17739,73361,213493,52261,49470,30607,58107,18734,31119,115113,17791,712,6843,17318,97712,13569
MISESUS4-19,0.00,0.00,100.00,49,5704,224897,98049,20555,53275,22561,70693,187089,21783,88059,16166,17841,16503,67410,154942,79730,54815,56081,59443,21114,49529,174802,17576,404,629,50961,157202,11966
MISESUS4-20,14.20,0.00,85.80,35,4205,210994,105397,30431,61102,36508,60205,174119,35736,74198,30149,12414,3835,81221,149988,70214,46837,52828,54289,27652,42764,177507,5347,591,3835,38578,161099,5074
MISESUS4-21,12.30,0.00,87.70,31,1383,239875,92286,16101,48124,32422,31199,233795,16371,73834,37981,36609,40378,138253,244495,47631,67810,39601,13665,30714,58638,79819,12613,141,11763,36157,75005,12078
MISESUS4-22,0.50,0.00,99.50,12,934,247468,96451,2922,50714,2922,2845,232910,29748,56988,28907,29748,31674,107186,240985,43439,59484,32089,21864,2922,39827,86814,2760,591,693,26553,73900,2599
MISESUS4-23,40.50,1.80,57.70,49,801,264009,64817,16675,19108,34618,19423,262520,34654,41376,24446,824,18952,123500,270320,19198,33946,48122,23453,12766,52405,55188,17615,204,2995,795,43036,11150
MISESUS4-24,20.00,22.30,57.70,21,1969,249440,85033,37455,49859,62569,28425,250980,30107,75260,25216,23044,23044,146109,219277,39740,70907,61503,37852,493,39097,71191,29510,158,627,21351,75586,3404
MISESUS4-25,38.50,13.80,47.70,31,1206,267433,66086,21290,32640,58560,41240,266875,35208,57375,24297,4221,4221,163463,230890,20921,51968,46925,38904,1847,34024,52255,32209,565,830,29048,57528,6892
MISESUS4-26,17.70,6.40,75.90,17,504,234987,80393,3219,61631,16578,70968,193126,16246,77700,14981,1303,29451,60979,147169,76168,61001,52660,54721,16246,53637,187511,15681,1374,1370,52499,168887,2248
MISESUS4-27,29.00,0.00,71.00,10,2743,278314,99723,27580,37010,36651,64070,242270,37103,54069,13932,21250,38453,17863,174418,103744,62871,57458,107788,21250,78605,153787,3397,97,7318,63680,132616,15194
MOBLSUS1-01,40.90,53.20,5.90,57,7073,226800,39155,11704,77310,20136,25455,317644,56936,20079,29906,14450,24312,142842,51336,11704,6454,32470,17344,18550,18550,149255,6053,2838,4983,144686,87191,6091
MOBLSUS1-02,33.20,59.10,7.70,22,20283,230821,29531,13486,112945,44678,46738,344118,82132,20175,18663,17596,50560,139442,37453,47649,35912,13612,22667,18934,18934,115865,17491,4405,3013,122190,67386,15122
MOBLSUS1-03,49.50,46.80,3.60,22,19635,231395,28724,12768,112304,43913,45893,344788,82133,19441,19483,16971,50463,140199,38113,47072,35297,12770,21962,18320,18320,115988,16862,4358,3761,121872,68200,14556
MOBLSUS1-04,6.80,93.20,0.00,20,14036,210777,88450,23863,51185,45799,38271,268120,34169,71105,28415,25637,25711,94427,84015,44261,53210,81471,68348,23337,43220,148493,21468,5366,7670,101368,115452,12344
MOBLSUS1-05,3.60,53.20,43.20,78,8630,242724,98093,14643,15879,11286,11025,271030,9628,85723,26266,9105,5997,105857,113747,15879,68097,73254,48948,8925,12549,147115,13197,6133,3241,88385,147555,9622
MOBLSUS1-06,21.90,11.90,66.20,208,7014,240888,101029,15291,15678,11700,11225,268709,10296,83633,24060,9526,5109,104298,116251,15678,70995,70709,47024,9305,13494,145949,12676,8443,474,86076,149905,6733
MOBLSUS1-08,13.60,80.00,6.40,16,9008,115786,140823,36043,36061,53567,49179,158941,55499,62596,33364,39486,39459,100393,134638,39449,54287,62202,52507,52507,37806,61763,10048,2425,8505,55579,201204,9878
MOBLSUS1-09,1.80,88.60,9.50,37,7737,140879,119758,13062,13090,44513,43940,151675,77499,55211,8513,26854,26825,97367,134308,29667,43989,54921,42529,39158,13803,54300,9462,3088,585,46794,189399,4764
MOBLSUS1-10,5.50,92.70,1.80,14,22478,173508,75641,28830,94362,29523,50473,286666,60981,66718,23406,24192,29754,85189,20326,72192,70280,26289,28830,25078,27685,89836,25464,5068,1809,91702,29254,26563
MOBLSUS1-11,52.70,45.00,2.30,36,17748,160284,53727,35801,25092,107924,28052,204567,40201,40308,29703,27954,16282,73238,63408,37536,37732,27937,36238,27935,28189,40665,21835,498,4735,43148,111538,22176
MOBLSUS1-12,3.20,95.00,1.80,44,6030,143096,27768,34143,32252,90686,34838,206110,36823,66043,7636,27072,40955,47550,37979,45973,63294,29315,49112,44747,52960,66332,8890,5665,3539,58399,91001,9389
MOBLSUS1-13,2.70,91.80,5.50,7,6401,220617,40650,9591,112530,46792,87961,297453,102701,82780,5898,48198,46252,112618,40439,106812,73037,46392,27458,31584,47409,96848,36645,3926,1135,97720,46780,7183
MOBLSUS1-14,19.50,77.70,2.70,4,19376,210075,67957,20655,112101,34731,71950,315652,95982,59505,24211,32777,65230,108414,30811,82763,72539,34169,32334,33373,37976,112310,18083,6353,15814,117167,34534,21637
MOBLSUS1-15,41.80,57.70,0.50,20,4684,197269,61394,39001,115940,41339,39999,310799,63123,43528,19044,35809,33332,107983,5194,57328,49949,38448,40763,36952,32148,113974,26010,5277,2315,115837,41015,3778
MOBLSUS1-16,11.80,85.90,2.30,15,7256,190364,53026,6480,80834,26457,68096,284068,79147,78083,15521,30410,65769,81141,13912,75984,103444,25330,5903,6448,23960,103709,27453,5576,5089,80891,26658,4367
MOBLSUS1-17,0.00,99.50,0.50,17,14401,221119,35849,12726,102784,39222,35446,333469,67414,16882,21646,12121,35783,134639,31605,37089,26731,20501,17727,12654,12654,130636,12180,4623,2976,135489,66038,9672
MOBLSUS1-18,30.50,68.60,0.90,15,8054,179113,88900,53819,90414,69421,24809,275839,10376,67269,10355,55358,21509,102121,54936,53819,57341,77218,65414,10355,20703,110244,8117,267,1711,104045,80180,4596
MOBLSUS1-19,15.00,2.30,82.70,68,1454,200657,75085,34694,70928,50764,14940,282659,22726,54857,22501,33735,16701,107691,60050,34694,40539,66567,52442,22501,35225,131670,16656,1050,552,112171,91503,5273
MOBLSUS1-20,22.30,47.70,30.00,20,3196,226331,50530,27692,131162,53096,68652,333928,97259,45762,17976,42933,68811,127000,36826,72429,61052,37392,48221,44206,44206,102442,1218,1704,739,121775,52865,3247
MOBLSUS1-21,11.80,0.50,87.70,"1,780",10114,177423,70929,7006,74863,9141,62016,278515,72141,64810,2926,13741,64180,71818,4494,64563,89925,7006,9833,5619,5619,90192,9075,389,505,91428,9425,6048
MOBLSUS1-22,5.00,95.00,0.00,21,4592,160938,40029,36040,45981,86185,43807,222227,35960,63456,22659,38551,40427,59898,44108,58880,61343,36060,59017,48372,41342,63973,24071,1768,2202,40810,86509,11444
MOBLSUS1-23,11.40,10.00,78.50,55,5192,200143,65621,31783,81876,46658,1424,295219,30011,44217,22622,34997,2264,120393,45536,31783,34043,54982,42197,29838,26616,126594,1803,261,1212,123933,78193,9674
MOBLSUS1-24,5.50,85.90,8.60,14,17700,206214,31027,31686,90407,52104,78827,270231,67976,96468,3366,56013,46618,94766,38174,92341,97209,47713,28532,31671,49430,116657,29147,3171,1272,63153,52306,8880
MOBLSUS1-25,60.50,38.60,0.90,17,9118,200955,44131,13671,90633,34013,78010,291162,85866,88676,17348,37245,55848,91507,23114,86548,94190,33831,9314,13685,32545,114303,36075,1913,7066,81906,34145,6124
MOBLSUS1-26,8.20,6.80,84.90,94,15649,188495,66666,12408,49839,94570,60014,231873,10520,61188,6027,12314,12802,85949,67369,58955,59311,15092,56695,21792,13719,59525,13790,407,2740,13282,94882,13024
MOBLSUS1-27,13.10,85.00,1.90,17,6661,140692,128415,16226,20861,31514,57116,140229,83262,68434,17857,14119,14089,96166,143441,42900,57135,61714,55704,30171,17177,67523,4519,5824,4246,60000,199684,4001
MOBLSUS1-28,2.70,97.30,0.00,35,8753,159638,92291,15747,15716,67265,26187,165010,84002,35985,17769,20516,20516,87273,106401,19251,24178,35876,23670,11253,16403,35176,11643,7213,2980,28013,160921,12430
MOBLSUS1-29,12.30,86.80,0.90,89,9956,158924,88926,19530,19499,70833,22687,167532,80560,33885,18817,20932,20932,87141,102907,20072,22408,33814,22160,7618,15237,33118,8751,6137,2736,26282,157218,12199
MOBLSUS1-30,38.20,7.70,54.10,28,2274,201255,56248,30563,100078,49128,20054,314139,47734,34899,3930,25785,20023,120740,24750,39349,34633,41977,34186,30241,25048,121897,11016,412,1598,123911,59734,20448
MOBLSUS1-31,2.70,97.30,0.00,24,12808,213983,79224,21192,52165,46597,31532,277271,35174,61950,31330,19272,19396,103357,77431,35057,43975,74353,59180,28865,42661,148661,17966,9946,8844,109970,110050,9716
NECBLUSRC1-01,0.50,8.20,91.40,644,10965,35167,16410,8298,16729,75457,3340,21328,9787,18390,4609,4657,4285,20617,344871,13666,21242,6004,15515,10296,5212,48171,11314,2552,3335,11504,352304,5232
NECBLUSRC1-02,3.20,5.50,91.30,771,9781,25714,27222,848,4564,47924,315,8665,9009,4563,7276,1659,4564,13991,316994,7355,6627,8109,4400,1515,5385,47835,4891,1757,348,5385,324394,4976
NECBLUSRC1-03,1.40,2.30,96.30,"1,494",6832,30015,18691,3614,7987,54544,3142,11450,10295,3666,7944,3566,3459,14470,324126,3370,11275,5656,12954,3933,4489,56394,10616,1341,1827,2294,331973,898
NECBLUSRC1-04,0.00,0.50,99.50,"2,694",5220,30452,19879,4969,6147,52639,3004,11859,10957,5187,8527,5449,3656,15485,322247,5262,11703,7421,11710,5735,5561,55075,9637,1559,1548,4196,330156,2216
NECBLUSRC1-05,9.50,10.90,79.50,891,9272,33791,19376,8585,14633,76423,704,22788,11221,20280,7579,3655,4701,20201,345896,11706,23848,7953,16377,8174,4873,49344,9977,1715,837,9005,353060,4700
NECBLUSRC1-06,2.70,26.80,70.50,410,5360,25681,75013,11356,4719,26059,3383,27381,2853,4359,1467,3534,4560,52706,280096,4747,4844,3401,16663,3636,3999,4459,4432,1946,2214,11006,284291,4499
NECBLUSRC1-07,2.30,10.00,87.70,163,2811,47031,62592,2607,4526,15216,2059,8429,15152,23258,3185,3983,1594,49724,277931,4379,14525,10375,11456,4379,9610,19535,8121,1776,1512,1763,284899,4360
NECBLUSRC1-08,0.00,2.70,97.30,3,8479,16265,51050,350,8228,37054,1664,8864,24905,25831,2809,1664,1471,25199,307034,3576,4266,8110,8729,2026,7921,29971,4363,909,1486,7334,312038,2605
NECBLUSRC1-09,5.60,3.80,90.60,660,7757,28845,81620,6993,11545,6395,4869,34508,10780,30599,2295,5438,5982,53969,298783,5311,21669,8949,20316,6847,5684,32127,10155,71,2637,15399,300477,6493
NECBLUSRC1-10,17.30,4.50,78.20,308,4882,34364,78879,8934,9036,7740,844,31286,9383,34541,3826,110,540,50861,304238,711,16306,9531,21508,6937,2045,35594,5497,927,604,20908,305991,1322
NECBLUSRC1-11,3.20,9.10,87.70,"1,101",2876,33396,40327,1716,4840,32358,1623,13503,23651,1761,3509,9518,1371,28016,301351,15892,9966,16579,12172,1716,5548,36113,4880,1624,1055,16885,308933,4616
NECBLUSRC1-12,6.80,7.80,85.40,"1,007",6478,37910,82898,7052,15272,14905,9035,35966,10434,48025,4118,5742,5785,54624,315732,13995,14331,15091,17615,8846,8183,49010,8530,2271,2830,21141,316646,5427
NECBLUSRC1-13,5.50,4.10,90.50,787,11460,39732,83948,16203,16093,24329,9728,39085,19515,57145,9922,6630,9647,56157,325086,7250,17152,15599,23019,9660,11740,48529,14278,1670,3494,14039,325739,3405
NECBLUSRC1-14,0.90,2.30,96.80,"1,041",5216,25333,69929,11347,1612,24802,762,24629,22248,49378,8053,1994,2198,41899,322598,10652,3923,1214,12415,2460,5966,49214,9630,1954,1611,11885,324756,4672
NECBLUSRC1-15,0.00,0.90,99.10,"1,029",6839,25640,69821,12158,3074,26890,1921,25446,24078,51731,8132,4340,4263,41997,325005,9247,6196,2465,13163,4872,7715,51516,9095,736,86,12575,327133,4131
NECBLUSRC1-16,0.00,0.00,100.00,352,7586,35636,78543,9639,9639,30565,12486,36060,26263,57718,2859,14013,10076,51402,331217,733,16284,13190,23858,10052,13445,53753,18406,2842,859,18180,332390,5867
NECBLUSRC1-17,3.60,15.50,80.90,620,9599,44241,87798,18657,18657,29131,4920,44036,24061,62787,9581,5467,14091,60376,329416,8830,22513,20468,25113,9013,17448,44425,9240,2265,1712,9003,329644,8153
NECBLUSRC1-18,0.00,3.60,96.40,667,10456,45965,89551,20272,20272,29536,3169,45709,24386,63667,11153,3718,13199,62121,329455,10565,24079,22133,24570,7288,18851,42672,7516,2447,1453,7278,329502,9703
NECBLUSRC1-19,7.70,25.80,66.50,337,8374,56884,102080,15195,33899,29898,8441,37391,24885,66034,8454,8441,8294,74177,323684,10011,21684,28854,18155,9356,28138,30915,9299,3233,6325,9360,322449,2352
NECBLUSRC1-20,5.90,1.80,92.30,556,8486,55312,99791,14600,31593,28284,7061,39660,23182,64370,8046,7061,6589,71875,323388,11023,23866,30091,17432,8443,25840,33205,8441,2990,6489,8445,322394,1085
NECBLUSRC1-21,1.40,14.50,84.10,755,5371,14948,101281,9103,9217,17070,2865,56814,10293,41990,10041,4844,10334,83954,278994,9513,4687,6939,9103,3565,4635,23251,4498,594,1189,10313,278081,3048
NECBLUSRC1-22,25.00,3.60,71.40,450,5681,27982,103858,2959,14561,17468,5739,49036,17327,44243,6548,4035,4035,75998,293144,7073,18751,19941,2959,2959,5311,36851,8896,2749,2606,5272,292398,2031
NECBLUSRC1-23,1.80,2.30,95.90,986,7172,31731,91694,4559,21807,5568,3584,44038,5385,40463,2121,5168,4011,63598,301333,6576,26326,18554,9978,6160,5472,42603,4666,1547,3932,10139,301703,5400
NECBLUSRC1-24,0.00,2.30,97.70,"1,383",8181,53102,97495,15427,29380,27686,5239,42000,22486,63607,7654,4944,6398,69628,324183,13137,25662,28935,18069,7040,23814,35266,7097,3880,4808,7039,323426,2348
NECBLUSRC1-25,4.10,3.20,92.70,465,8366,45332,36581,8472,8472,33258,1039,12669,27782,1968,10929,5211,2249,33668,302209,15417,6295,12562,18460,3029,9209,47826,6515,2540,708,4768,311336,2458
NECBLUSRC1-26,0.00,2.70,97.30,"1,325",5761,18192,84191,3316,13700,15259,2921,39697,7845,20008,4117,3117,3071,58021,286881,7588,18938,3790,11612,5623,3579,22497,8559,2058,1540,7272,289028,6119
NECBLUSRC1-27,0.00,0.50,99.50,"1,320",2865,31172,75823,13574,7479,21916,6468,30198,18408,50640,10305,4874,722,47775,321841,7732,8159,7098,18136,753,3563,50940,14511,2172,1018,17641,323390,3143
NECBLUSRC1-28,0.50,2.70,96.80,255,5432,54599,28516,3726,3726,45628,2109,7597,13400,18422,3991,3771,4910,16800,313650,6741,19189,5010,3726,4998,5976,64662,3734,1823,529,18335,324010,2074
NECBSUS3-01,0.00,15.50,84.50,266,4341,30692,88984,7646,22435,58017,6044,81777,29843,55502,3732,23172,4134,138666,220058,22435,16696,24743,41530,13177,1761,41377,18672,2183,1760,28139,216283,4226
NECBSUS3-02,1.40,2.30,96.40,323,1985,19314,63075,8045,8045,17007,6897,43298,17919,20283,4928,3460,11601,76916,257291,12995,5192,15714,13295,3679,2673,5470,6061,1353,783,8977,260590,9254
NECBSUS3-03,46.40,19.10,34.50,380,9384,7966,100145,13479,19578,40048,2046,77897,39727,67636,6641,1198,14568,119570,246399,21743,15112,26716,21723,9413,5199,15985,10293,1258,603,14329,242931,1113
NECBSUS3-04,0.00,5.90,94.10,621,10967,47096,91263,18447,23364,26504,3789,46369,21268,61415,9407,4212,9144,63517,325789,13158,24297,22949,20552,7530,18499,41164,7740,2046,1179,7521,325674,7019
NECBSUS3-05,0.00,53.60,46.40,645,1700,56234,99898,21474,30022,34071,4297,40713,28841,69848,13656,4297,12855,72457,330274,16995,21933,32233,24266,3367,28107,32332,3186,2831,1400,3375,329254,2000
NECBSUS3-06,0.00,40.90,59.10,400,2200,25079,86991,1542,17080,5701,1599,40030,6733,31178,6493,3274,3274,59450,295362,10329,26589,9311,16124,1588,5854,33331,9557,1201,1598,11605,296579,5613
NECBSUS3-07,1.80,10.50,87.70,525,8157,29539,49691,4033,11446,32238,2443,12449,27793,13742,2412,4322,8847,30731,296932,17586,6024,7367,8719,2975,8628,25276,6261,2507,2406,8555,303308,3084
NECBSUS3-08,2.70,23.20,74.10,175,5936,34230,30913,10459,14282,75152,8034,28274,18645,11199,15281,8090,9810,25670,353267,7122,34754,9313,20899,6747,12211,52180,15195,2166,751,9912,359530,3065
NECBSUS3-09,0.50,73.20,26.40,151,703,53387,44129,2178,2178,28117,2407,11735,32636,7703,12727,2972,2085,35063,295081,12897,1814,6535,20340,376,2793,48972,2691,1693,718,4280,304841,3686
NECBSUS3-10,0.00,11.40,88.60,"1,429",13180,21308,23826,4168,8400,63273,3000,8881,7395,13467,5925,4500,3004,5227,331564,8339,19217,8658,16167,3559,8882,58442,2951,1041,472,12019,338299,7899
NECBSUS3-11,28.60,43.60,27.70,157,5338,35248,23130,7840,15121,77522,3607,22630,11755,18250,11423,3607,4613,23196,349874,12456,28284,9771,15540,3807,4736,48321,12364,4164,3848,9201,356812,2770
NECBSUS3-12,0.00,53.60,46.40,468,3908,64977,117483,13899,44061,29378,9527,22538,38453,78618,5866,17428,17582,89697,326913,15865,8154,17428,25977,9620,17428,15392,2940,2224,2899,21549,324063,4419
NECBSUS3-13,2.30,18.60,79.10,681,7490,21828,77928,10276,2016,21365,2525,32823,4682,8558,7083,3670,2019,53846,282276,2136,10827,4835,19390,2016,2278,10448,10425,1706,2061,15101,285777,8849
NECBSUS3-14,8.20,0.00,91.80,"1,126",7130,33114,77752,10013,7549,8900,1521,30344,11435,32251,4006,2281,2887,49890,302658,1700,17166,9364,23421,8051,4181,33241,5496,1311,1105,19316,304620,3010
NECBSUS3-15,2.30,8.20,89.50,"1,230",7750,42521,23889,3096,9389,45893,1232,4535,17053,12269,2304,1563,893,26935,314921,5449,13995,3286,10730,4984,4984,56604,6231,787,1510,16337,324050,5163
NECBSUS3-16,0.00,42.30,57.70,"1,561",12603,28264,17192,2771,13494,60013,1776,11054,9323,5118,7901,2392,2659,11623,329415,3404,13066,4035,16825,3789,1513,59725,8734,4386,1300,4071,336969,5158
NECBSUS3-17,2.30,22.70,75.00,146,2787,6600,41563,673,48287,77953,4569,55117,18826,45297,6444,657,4518,32273,346653,28191,4932,5430,25673,307,2988,54137,5351,2460,263,10006,360302,728
NECBSUS3-18,1.80,81.80,16.40,52,17768,44706,38194,41916,31976,55065,17421,73564,61011,55393,33757,2228,14921,84878,403347,40138,52742,20093,8439,9689,17872,54517,24031,1637,9680,31932,417291,9218
NECBSUS3-19,0.00,50.00,50.00,78,13099,17033,46817,17189,61653,93741,8418,70926,41685,64351,16727,16277,14726,55963,365067,51812,16910,13000,40229,3961,12132,60058,17071,1874,9915,14907,379920,156
NECBSUS3-20,0.00,14.10,85.90,25,6453,87963,90782,31593,4339,110595,55588,106516,61352,160299,5574,56162,4754,185861,481000,90782,83924,4022,84058,59661,54029,118232,707,4332,2548,32659,499692,7793
NECBSUS3-21,0.00,45.50,54.50,42,1295,26313,72691,28323,61384,81658,18803,76951,46844,72500,26308,27760,19769,54440,339398,51808,26163,29892,51321,20622,18037,83906,20237,687,1269,16612,355713,12139
NECBSUS3-22,3.60,46.80,49.50,164,9027,44480,75257,68966,47553,73338,33545,78167,37817,111124,34178,51682,14077,136472,441064,75257,68599,18851,63730,50504,35932,81038,41042,1085,1276,36583,457936,817
NECBSUS3-23,1.40,17.30,81.40,152,2220,48848,67642,10126,45402,37525,11144,43089,44836,52391,23901,25822,11014,37476,300375,38793,26372,11920,38972,11144,11035,93514,24181,1818,1067,35700,314931,2532
NECBSUS3-24,1.40,7.30,91.40,60,6623,62675,28201,31946,8380,40880,18058,61841,46901,39464,27312,15691,18242,87519,411076,20593,40600,18492,15704,7877,2078,40878,371,1068,1216,25375,423299,1168
NECBSUS3-25,5.90,3.20,90.90,106,1555,92954,29660,25495,61469,58151,20142,47642,17170,123476,5918,1927,20142,168095,484654,29660,22715,24435,85466,2205,2776,64707,2087,399,1198,16167,499669,5274
NECBSUS3-26,14.10,45.90,40.00,221,7927,102635,25705,17135,18826,20793,17630,2141,43764,91880,7065,21166,19866,148475,472108,17367,25757,18560,69529,9717,22360,23459,17407,1028,6881,21832,484317,2482
NECBSUS3-27,32.30,60.00,7.70,9,1295,193033,111757,66007,107206,156791,48762,94849,123972,227411,30484,105934,51008,275362,589380,84100,80980,27231,91442,31244,38407,87006,32567,1841,762,74400,605525,936
STRVPAS2-01,0.00,74.90,25.10,33,1336,273685,3834,8108,12627,49324,22641,178649,86867,44880,1786,28232,55026,17572,72089,8108,36303,35467,33670,22627,71115,174352,16045,618,433,36729,112501,8187
STRVPAS2-02,30.00,0.50,69.50,16,323,289521,18930,11655,21121,59344,42385,169260,82723,65286,20626,43427,37829,35806,78603,29309,21529,26550,52361,20229,60056,166470,21473,177,452,21385,130146,10904
STRVPAS2-03,0.00,6.00,94.00,39,271,263277,14438,2670,2022,41647,12043,188165,84488,34421,7551,18924,60266,7915,77233,2670,41533,38264,23144,13761,68880,183520,9234,435,193,42161,110076,3808
STRVPAS2-04,0.00,1.40,98.60,38,857,236363,52403,41169,41137,75434,43036,188900,71253,41169,27658,43621,36357,48855,58521,42600,46358,74391,42149,41169,51754,181328,25674,223,560,79435,65161,8525
STRVPAS2-05,100.00,0.00,0.00,13,6372,212942,82092,35791,58154,79002,50906,175851,71391,30795,21783,33230,32846,64704,21238,52360,63784,56770,29240,19397,32466,166287,47994,5371,4300,67955,31971,21038
STRVPAS2-06,0.00,36.20,63.80,11,4523,206806,84735,33782,51286,68802,43660,186051,65012,28683,14244,24148,22910,55499,26253,44961,62435,49446,19477,24414,23344,176494,40820,324,37,62035,29426,23487
STRVPAS2-07,48.60,49.10,2.30,7,2133,197623,102206,18260,46966,80146,41311,177206,53426,14439,21545,20113,16679,60227,2987,43008,52779,46815,18259,16202,31820,166595,46381,1386,1312,54127,16047,10840
STRVPAS2-08,42.20,55.00,2.80,236,5268,26097,10778,7935,17416,163601,14459,232870,22118,10981,1976,3927,3920,78239,80300,12190,17103,13654,7935,2199,2818,16919,16294,2206,420,19854,164386,6634
STRVPAS2-09,41.30,57.80,0.90,345,5039,18230,18980,523,9575,170047,8662,241313,19701,3810,3203,3511,4251,83206,87753,6089,14363,8118,523,1213,5904,13938,11592,2551,861,13058,168676,7264
STRVPAS2-10,7.80,33.30,58.90,201,265,14280,13532,2294,8815,155556,13767,258862,15948,17260,5649,1518,6270,104566,98394,2545,15808,12675,666,2690,7970,15464,8412,2162,121,8922,166944,6169
STRVPAS2-11,2.80,21.20,75.90,27,125,66111,54838,3770,32231,124980,44142,321716,29654,6019,9089,42670,13619,145718,157182,45567,51532,28862,5015,3624,47117,41543,10847,718,252,34310,192194,8316
STRVPAS2-12,33.20,8.80,58.10,187,6760,139211,122143,7770,17261,67666,15450,208449,21331,45566,12090,6741,7203,9366,57854,11364,8319,17558,10987,7575,25809,150124,8053,1840,430,5881,43987,305
STRVPAS2-13,81.70,9.10,9.10,50,11067,121696,112094,11166,35011,67637,16114,198151,40163,66643,26203,12791,28329,12666,76946,23933,30160,13688,17735,12012,19205,130499,16237,3016,185,27405,65027,1012
STRVPAS2-14,11.90,16.90,71.20,69,865,54188,47233,3939,3939,130997,47520,312252,3996,25379,1136,33891,17959,130062,148957,51455,35982,5071,23197,5036,53579,30133,3584,1284,459,47132,199614,2120
STRVPAS2-15,1.80,29.10,69.10,25,1279,111935,100922,2937,46252,72169,14679,195357,50360,78117,21993,14712,28552,23696,84243,33282,41466,8995,19622,8905,18152,119689,15952,116,474,38873,76500,12127
STRVPAS2-16,40.90,58.60,0.50,21,2053,41202,40626,27648,27648,138151,46384,229804,58318,42745,20578,36073,37958,47371,100484,45105,43460,44852,18659,18363,38482,52639,26718,2082,2006,16861,142351,14283
STRVPAS2-17,51.60,19.20,29.10,178,1485,73299,11041,28743,33044,109522,32949,298682,84517,64528,17303,34903,5288,101263,96175,81025,28743,39180,72765,21121,58320,72605,3606,2345,1769,39113,105027,3668
STRVPAS2-18,76.10,21.10,2.80,29,2676,83412,30734,20497,19958,135402,21165,276365,61678,36550,20497,26816,35607,80168,72294,62715,20497,60111,56292,18927,29944,98344,31714,803,1521,16847,87344,22243
STRVPAS2-19,2.30,9.40,88.30,54,434,109069,22178,910,23942,114190,30217,330361,35300,436,3120,15059,1499,132818,199245,12673,35331,20804,13010,12533,16443,44410,14339,839,178,11489,191993,2526
STRVPAS2-20,6.00,16.50,77.50,87,1061,45558,21571,2807,2807,138148,39910,212773,41895,35949,16472,20164,28783,54605,74486,37536,18523,38336,2807,26774,28197,41972,2314,2301,1096,19458,155178,7884
STRVPAS2-21,41.10,58.90,0.00,70,9068,24913,25832,20391,30006,142491,29473,283734,32938,38970,15391,12406,27965,128888,119682,24939,41104,34027,25942,17836,24306,40899,31267,760,7506,17857,175106,12247
STRVPAS2-22,78.40,6.00,15.60,33,1875,132044,133258,31139,104643,84543,46383,297336,8192,45901,25295,28887,26153,66640,45710,35232,59739,82205,31139,8132,93635,126635,24032,882,292,18128,56665,19100
STRVPAS2-23,0.00,48.60,51.40,191,521,154133,129584,19693,115902,106703,35951,294394,29673,36497,17834,15226,3918,45404,43919,25417,52836,67339,19693,19693,103470,121894,3900,455,546,10373,50489,16740
STRVPAS2-24,0.00,41.50,58.50,188,2183,121781,107488,1293,42989,59421,1546,183275,54802,75783,10866,2185,29212,25602,71203,39399,42880,5458,7175,4992,4810,127389,3259,1663,241,39156,74152,7592
STRVPAS2-25,46.90,7.50,45.50,24,2266,97618,86842,11319,60278,84253,26542,199305,60572,83402,11110,4638,15691,9489,95349,43122,52165,2783,11083,19151,11702,105320,28175,448,2267,51935,89968,3821
STRVPAS2-26,54.50,44.10,1.40,47,823,89080,75698,10797,56928,90105,34188,196361,72480,86820,10067,2355,3821,1393,100654,55040,42209,7025,10084,27178,6432,94872,36112,1590,822,56354,101605,3132
STRVPAS2-27,0.00,32.40,67.60,36,1362,132448,4953,333,69248,78045,67491,116147,41281,24867,3131,8123,42635,27830,5213,12978,26434,21156,333,3416,77429,75531,3867,285,527,24730,76372,383
STRVPAS2-28,1.80,50.50,47.70,21,4523,210412,11693,2414,20686,104607,8124,182631,58730,2541,2995,9059,12728,23487,51866,13368,8380,9482,13297,3384,12727,73733,8618,2746,2602,13952,141653,7401
STRVPAS2-29,35.00,46.80,18.20,202,1188,226481,6135,1290,35788,117668,11833,197687,61399,1255,2325,12980,4117,39096,68798,12039,11866,8390,4117,2888,4117,81823,11829,1101,428,4210,123961,9337
STRVPAS2-30,5.10,71.00,24.00,30,8431,140728,31404,666,56903,89378,63579,140287,15698,1996,7809,6110,59287,1637,5985,39561,50474,45265,666,666,59029,94735,22965,1538,1636,48710,102933,4075
STRVPAS2-31,21.50,34.70,43.80,61,2939,243706,42300,18029,70676,141339,46882,229278,70506,37272,7139,44757,40015,59555,79802,42957,19466,42437,32388,9516,40015,79138,13065,2187,499,20644,88051,3232
STRVPAS2-32,10.90,6.40,82.70,76,167,219976,69091,5242,65616,155509,49065,254733,89201,47088,14026,42760,41940,50604,69827,30968,7438,18159,5772,17283,66840,71621,11605,804,969,30088,61188,2287
STRVPAS2-33,32.60,31.20,36.20,58,2261,253723,39861,37268,68606,103502,47779,198013,31885,37356,10293,7742,37907,58502,82454,49520,48647,42595,37907,7705,31714,69950,42780,563,2185,6022,116259,2039
STRVPAS2-34,64.40,33.80,1.80,35,8419,241769,25514,16351,52395,135617,28927,216492,69054,20631,9540,29745,23516,55872,82833,24558,27731,27375,23516,14657,23516,81648,21318,5757,1112,15391,104897,1772
STRVPAS2-35,42.70,50.90,6.40,35,137,225128,32195,29515,46982,84930,32498,167253,36017,29347,30725,16565,27429,48372,47795,34073,36598,31179,32379,30223,30223,46249,14398,783,89,32337,141460,1832
STRVPAS2-36,0.00,4.70,95.30,117,1245,231261,71433,22908,49519,73274,61636,192106,19797,64703,13820,20825,23343,57648,95306,60966,54891,31307,64667,19148,2561,54752,28559,661,378,32724,130746,4034
STRVPAS2-37,32.30,66.80,0.90,57,1493,171753,111859,6140,92890,125073,70054,265395,56696,72151,6960,27223,6554,30595,82541,62569,29849,28730,57135,35497,75967,83155,8389,2252,384,43586,86767,7385
STRVPAS2-38,68.80,31.20,0.00,73,1617,161224,125468,10752,105691,118381,55312,279373,40969,56286,10752,35812,20115,34223,65485,46006,47665,46275,40388,37055,88536,100848,10368,4735,1502,32044,70790,7621
STRVPAS2-39,24.10,45.50,30.50,203,8525,198677,104640,16489,53856,145010,13152,292653,84445,28181,10767,9188,4032,71423,31887,6560,25631,21462,8422,16271,89800,63245,16638,1453,1098,29250,28411,4312
STRVPAS2-40,0.00,25.30,74.70,71,400,169798,123160,8331,83204,116891,1559,299303,54872,1433,4062,2128,11813,63417,16574,12380,16034,44817,962,13223,100604,92816,3836,653,421,31332,14406,3374
STRVPAS2-41,67.10,26.90,5.90,31,3757,96081,67409,36472,41979,76101,20854,308957,41932,67442,13528,9107,12979,111476,111060,42117,65814,55349,36712,6316,63618,66887,17857,4041,3644,27568,122983,12254
STRVPAS2-42,23.50,36.90,39.60,20,1703,107234,96947,60836,69566,71148,15220,300411,29439,82894,10519,836,33682,89193,81290,69672,87624,69842,62419,10191,93511,93114,19868,1259,1006,51105,93099,12997
STRVPAS2-43,68.20,0.90,30.90,59,13279,203732,77718,15543,34596,336,2702,83351,84195,55891,23059,15397,13260,80251,40429,15543,49555,25220,26267,2317,762,46956,24077,3506,2317,55982,56426,8712
STRVPAS2-44,17.70,41.80,40.50,119,6884,214745,83221,28968,34892,49456,47366,131240,41352,77908,2111,32681,35681,90648,57669,38694,6637,33493,73712,9524,26847,8069,36724,2013,784,29773,101696,1411
STRVPAS2-45,29.70,25.10,45.20,60,1271,186510,111503,18635,39147,7618,24395,85851,58200,54518,15075,23799,11412,108372,67326,23758,61548,20668,36999,13481,9418,57521,17714,1376,1277,48389,54357,9310
STRVPAS2-46,42.50,8.20,49.30,135,1203,194656,72799,910,45306,14957,17166,70110,94989,44854,17008,912,11065,67975,27085,910,40173,37693,16131,16131,15204,61365,21085,945,972,47051,45566,851
STRVPAS2-47,3.20,50.90,45.80,70,968,137489,46305,3100,37129,79596,41997,62419,29011,8945,4115,11400,23399,13944,26894,5723,35005,27314,9269,5723,58897,35106,34301,386,604,20843,10450,5569
STRVPAS2-48,54.10,15.00,30.90,166,1522,200489,24911,4540,17856,93140,6876,169768,47696,11125,5890,9083,2163,18781,38356,4668,11490,22979,4608,677,677,66525,11277,740,676,27013,147819,2406
STRVPAS2-49,5.00,39.00,56.00,130,2156,101729,31695,869,13095,100316,13666,329185,13167,33009,21019,17346,13167,137643,146552,12847,32051,24701,13282,869,29317,36243,18019,511,738,13421,158241,6090
STRVPAS2-50,55.50,43.20,1.40,52,1965,89118,31374,13014,18685,115539,44820,326425,49281,28413,13844,20721,15692,152944,176575,20588,48655,19321,21162,9261,22405,54564,16516,1570,1946,15511,198634,11682
STRVPAS2-51,12.30,67.70,20.00,347,2971,119301,11926,6835,15624,108578,17387,330765,22464,12452,5756,5564,9088,140900,190051,5440,22509,13161,5613,721,7602,31630,11834,887,609,2097,184333,5739
STRVPAS2-52,0.00,39.90,60.10,72,1547,115897,19253,5981,13458,88788,21438,65222,14053,26822,1901,1094,911,40544,25872,4412,14110,21101,8728,6450,29278,15340,12355,1581,443,11767,30878,4573
STRVPAS2-53,0.00,2.30,97.70,149,664,101175,6034,3165,2639,83603,5409,81365,11367,25298,6151,3729,3729,40927,13625,4396,3948,25344,4195,4396,18669,5440,3907,1145,1643,6604,40796,6439
STRVPAS2-54,0.00,37.40,62.60,274,166,97829,14708,15407,35433,34723,27209,102142,117,17970,18144,17176,27986,56292,54947,34548,36644,38378,29371,17185,6289,66841,1256,313,179,5365,92288,3995
STRVPAS2-55,0.00,44.00,56.00,30,13833,121519,21690,8900,46054,55165,22001,88558,22209,27525,8900,24436,23956,79910,38081,24942,54475,45938,8832,9129,17840,74787,23171,560,125,18663,91818,4581
STRVPAS2-56,48.80,36.70,14.40,31,10801,62496,62849,11081,86850,66942,14455,194754,69636,56616,37926,15422,22762,123181,109337,17029,61379,56502,11081,17029,22762,130528,15805,1752,1826,21637,21028,9276
STRVPAS2-57,36.00,50.50,13.60,14,21229,58951,89663,26389,21031,36189,27414,116755,64152,72840,22279,21993,14952,119101,32450,54058,101508,61340,25872,20101,75122,138799,27082,2262,1613,40849,35068,2910
STRVPAS2-58,6.40,90.00,3.70,15,19586,69965,77841,14852,20293,49316,14244,104803,72465,76561,21258,16107,14606,112095,20099,40936,95554,69334,14660,19176,71692,125861,15093,5056,913,37942,48105,10448
STRVPAS2-59,0.00,91.70,8.30,30,13105,41378,113060,10599,58822,14117,12464,161075,34339,57456,31114,10713,10713,127409,77875,34791,74332,47415,10196,10713,30861,142374,25699,9286,524,3870,16534,10448
SURFPAS1-01,0.00,100.00,0.00,2,77274,82587,106337,30294,75780,39240,27214,34391,33778,133643,14854,74892,33803,75566,36241,71920,34391,75566,65977,33803,35699,123374,48872,16875,1824,101221,678892,17354
SURFPAS1-03,0.00,4.10,95.90,442,51803,54356,122375,15445,48886,22910,15634,24443,22665,140496,10797,47999,11055,48723,23921,45811,24443,48723,39776,22351,24145,142674,24595,7063,813,79179,650755,20767
SURFPAS1-02,0.00,4.10,95.90,670,41830,52250,142915,3180,42671,3348,4924,5091,5048,164478,5091,41865,3159,42377,44481,37822,5091,42377,32753,3139,3180,161386,46320,1569,1255,98736,657120,5108
SURFPAS1-04,4.10,33.20,62.70,15,54747,53027,118151,29022,50412,35085,29564,37927,36110,129455,18570,49585,3229,50338,11527,48658,11152,50338,43005,11535,36190,139958,11199,2585,931,65620,640983,12919
SURFPAS1-06,33.20,59.00,7.80,64,22784,23577,150102,20715,18527,15069,10103,17908,34488,140882,15208,17678,16057,18430,16139,16819,32111,18430,11646,15063,28407,171158,23949,6125,23,73570,625965,8033
SURFPAS1-05,0.00,72.70,27.30,126,24444,27758,148544,15704,21107,16705,14261,20190,29452,145650,17127,20218,14375,20939,20219,18220,30679,20939,12294,10205,23319,169670,27555,3597,1977,77328,630976,11810
SURFPAS1-10,0.00,0.00,100.00,"1,610",43190,37336,144966,2218,45634,47496,37333,46568,72360,112142,22700,45508,34825,45884,25897,48967,37814,45884,41069,2065,6018,160662,37234,342,493,36677,593199,1779
SURFPAS1-07,3.20,96.80,0.00,20,25762,23250,146874,24194,21627,19626,11432,21463,39530,137650,13942,20908,15297,21636,9108,21461,27704,21636,17386,20560,34066,169733,24916,7451,3486,66547,621521,8600
SURFPAS1-U01,11.40,88.60,0.00,20,20178,19656,149284,19393,15710,13194,6373,15347,38374,136841,11291,14922,12032,15670,13174,15025,33813,15670,10957,14061,32123,167301,20320,5009,1644,72187,622051,4635
SURFPAS1-09,0.50,60.30,39.30,8,17470,17680,112055,17026,25227,30583,16095,13552,60111,103917,5848,12420,17796,25514,28135,30108,15333,25514,18807,12725,37965,129977,17552,7829,4341,82169,591847,8084
SURFPAS1-U02,0.00,22.80,77.20,19,43108,22880,88017,25323,33234,49377,11639,40965,28028,87379,372,25358,14039,51502,61228,28423,20969,51502,20226,11819,8320,109474,47247,3751,555,92879,588098,906
SURFPAS1-08,0.00,26.20,73.80,19,43506,22704,87397,25087,33845,48837,11187,41301,27542,86754,684,25121,13706,51917,61501,27947,20288,51917,20020,11360,7638,108824,47576,3143,283,92228,587417,236
SURFPAS1-15,0.00,0.00,100.00,138,22996,15967,88062,15538,14430,66835,18497,13911,44265,31469,4474,4942,18470,73365,116234,14430,22535,46796,2909,16898,15538,130052,14167,421,314,11561,608694,3483
SURFPAS1-14,0.00,0.00,100.00,116,4374,4354,84021,3365,5083,79267,17465,5044,33673,48038,5196,1244,17566,84259,130017,5083,22841,37586,17135,3123,3365,124572,10767,464,184,12217,620430,3245
SURFPAS1-U07,0.00,0.00,100.00,975,7547,1466,86185,1610,5418,76087,14541,1822,36358,44864,7499,1437,14636,85810,129452,5418,20019,40141,14561,2656,5783,126981,7577,1506,680,11424,617346,1841
SURFPAS1-U03,0.00,0.00,100.00,33,14617,8939,53934,5296,14163,103037,7404,13207,10962,31913,5974,7556,8033,54454,111524,12966,31191,11379,14997,5990,10083,95122,11661,876,609,8962,644877,2067
SURFPAS1-11,0.00,0.00,100.00,34,14618,8698,54565,5709,14869,102327,7697,12972,11468,32622,6650,8192,8384,55109,111476,13645,31896,12040,15678,6564,10753,95789,12267,935,117,8525,644166,1362
SURFPAS1-12,20.20,19.70,60.10,73,18228,11328,63087,14159,18315,92711,10449,14132,19900,42260,2631,12920,16064,63940,110675,18315,41568,21481,25220,10821,14746,104733,20998,3428,2574,8811,634503,2915
SURFPAS1-U05,4.50,2.30,93.20,252,11036,11879,70787,10686,9070,87723,8807,11634,22826,47918,4201,5456,18898,71299,118782,9070,34840,25904,20214,5736,10686,111916,21616,883,139,8536,629680,2061
SURFPAS1-13,0.00,0.90,99.10,95,7508,11772,74326,6846,5245,85395,11120,13020,25378,50936,4611,5344,21572,74745,121908,5245,31468,28799,18547,3792,6846,115277,18310,701,697,8199,627257,4915
SURFPAS1-U04,0.00,0.00,100.00,198,10488,7887,68825,12127,10445,92577,4595,5870,18523,44426,10322,2173,14906,68972,122850,10445,37870,22280,25721,822,8946,109239,24955,1788,794,2950,634386,1572
SURFPAS1-U06,0.00,0.00,100.00,74,2423,10928,76928,4645,3409,86196,12517,11988,26244,52288,3435,4715,22822,77056,127548,3409,30267,30216,21339,3701,4645,117256,17808,373,236,6866,627633,1311
SURFPAS1-U09,0.00,0.50,99.50,423,20327,11867,94075,6172,7872,63914,8724,5801,46923,31891,2770,2603,8698,72929,125987,7872,13081,50162,7705,9976,6172,135679,6314,1784,448,9255,605695,4875
SURFPAS1-16,0.00,0.50,99.50,"1,686",19338,10908,92904,6354,7152,65055,9386,5398,45745,32794,1688,1666,9374,73949,125462,7152,14006,48975,6938,10166,6354,134497,5850,2452,739,10420,606858,4376
SURFPAS1-29,0.00,47.20,52.80,"1,392",6289,87343,44191,5445,12521,87068,2560,7369,61810,53035,13573,5205,4220,79838,101547,14045,43413,90333,65422,13173,15378,22835,15136,1313,287,30383,457350,6607
SURFPAS1-U08,0.00,20.10,79.90,302,14909,7655,86246,8073,7162,71288,14754,7847,39306,37767,5225,5371,14783,79418,122093,7162,20003,42418,5530,8633,10672,127815,7918,948,168,7018,613206,4885
SURFPAS1-30,0.00,13.70,86.30,993,9763,82457,42594,6428,8691,90414,3907,6014,65017,50760,9351,7934,6157,82362,96902,12007,41845,85502,62214,9212,11360,21613,12699,2619,858,26818,455136,7875
SURFPAS1-U10,0.00,0.00,100.00,99,25837,17666,102047,1811,3663,57836,2304,4259,54072,29219,1079,544,2254,68430,132218,726,5920,57534,15496,1951,1464,143534,9756,1811,132,1845,599049,3883
SURFPAS1-18,0.00,12.30,87.70,147,36059,18381,111286,5525,7860,47687,8087,9248,64133,22440,8678,7928,8812,59029,134947,9640,11020,67488,23473,7847,8819,153000,19908,2181,785,8520,588827,3493
SURFPAS1-31,0.00,3.20,96.80,443,10468,69550,31930,1542,44790,52667,20045,48597,47529,6146,2836,1555,10618,48594,56002,1542,18328,49734,7078,1612,20181,50857,10551,158,224,36147,387688,436
SURFPAS1-32,0.00,1.40,98.60,168,12802,69325,35085,3952,43119,49877,23110,47433,45536,4672,5445,3917,13559,45821,54313,3952,21398,47281,9623,3763,23231,53976,13473,2800,1014,33772,385075,3308
SURFPAS1-17,0.00,4.60,95.40,421,29274,21405,106367,3896,775,54856,1441,3968,58013,28780,4096,1044,2202,66395,135773,3705,3948,61574,19872,996,3722,147785,13068,1654,304,1781,595529,2581
SURFPAS1-19,45.80,8.30,45.80,58,10053,20555,133781,10441,37664,19987,3517,27484,43772,17646,13327,3824,8902,29326,134933,39052,40701,93728,48043,29026,24847,127835,39614,1900,565,37670,561698,1602
SURFPAS1-22,0.00,0.00,100.00,921,6104,32297,139174,5119,45588,9928,4727,37747,35047,29753,13880,7296,7296,26375,145210,47496,48009,104132,58505,22739,17830,118397,30099,467,256,46281,551377,1519
SURFPAS1-23,0.00,4.10,95.90,832,6985,36787,133746,10665,51106,4363,8908,42888,29482,33835,12835,8556,8556,22203,146042,52974,53561,109321,63641,17616,12669,112925,24570,1155,37,41970,546114,3688
SURFPAS1-25,0.00,5.50,94.50,246,21292,49208,119653,6791,68001,15753,22251,57618,15374,45109,6173,12593,8959,7190,141273,69465,70891,123128,72630,1693,6791,98417,14051,3540,162,28317,532954,8127
SURFPAS1-U12,0.00,0.00,100.00,"1,892",16080,46039,122856,2654,62812,8259,17521,53489,17780,42362,7580,4662,8476,13371,145589,64505,65460,119700,73866,6078,2654,101824,13798,102,280,30783,535795,6533
SURFPAS1-24,0.00,0.00,100.00,"3,844",12741,42901,126138,3761,59412,5265,14248,50181,21135,39326,10983,3440,11771,14612,144768,61115,62055,116452,70772,8616,3761,105135,16917,3310,504,34072,539001,4090
SURFPAS1-U11,0.00,33.90,66.10,262,4829,35220,134040,10578,51575,5813,6451,42275,29053,31837,8353,6035,6035,18528,141703,53235,54285,108589,62896,15310,10578,113052,24752,3564,1912,41983,546833,2545
SURFPAS1-21,5.00,51.40,43.60,377,52772,64844,128637,2261,67777,53508,52252,75432,48049,60231,16404,48225,2768,34348,107770,89268,62280,120271,61949,41944,45475,107854,51139,1434,719,54537,538024,1035
SURFPAS1-20,12.40,83.00,4.60,16,45701,88611,124243,12313,44839,75817,70613,89932,64882,84053,35286,65168,22132,56335,90785,95197,40492,98832,79599,32306,67220,104921,45440,731,4977,58503,527013,3225
SURFPAS1-U13,0.00,0.00,100.00,545,17140,59620,109548,3053,75435,20004,12500,66791,6114,55984,3238,2051,5486,21067,151919,77294,77854,133136,86334,5946,15518,88642,290,1344,861,17641,522291,1337
SURFPAS1-26,0.00,1.40,98.60,772,14559,62487,106845,2112,76754,22642,9746,69549,5631,58885,1541,2237,8436,23724,151786,78458,80355,135927,89236,8889,18472,85998,2846,2420,445,15175,519483,4127
SURFPAS1-27,0.00,0.90,99.10,45,6890,83345,85623,10509,55886,43881,11508,50802,19657,79559,11451,2220,2546,40605,142240,57323,84813,128448,106866,29211,38860,64757,23708,2375,375,1153,498465,1231
SURFPAS1-28,24.10,43.60,32.30,14,27261,99917,70073,23224,36852,62917,23191,33149,37419,78838,23702,20749,24430,54112,120393,39804,68406,106563,86400,37296,39319,48703,40743,1539,554,21852,483211,8624
SURFPAS1-U14,0.00,98.60,1.40,37,9941,96954,93292,13621,13621,229490,17949,88143,75191,65221,5976,22777,60672,13621,83166,17027,20423,46799,39172,19031,75900,23171,17291,7187,13994,16807,117573,18603
SURFPAS1-37,0.00,93.60,6.40,18,4025,88359,85874,3002,3375,240836,10198,78912,79732,75942,7355,20104,54929,3375,75601,12753,17239,38187,33602,12108,68950,21229,11457,5410,4420,14544,120407,12559
SURFPAS1-39,0.90,64.50,34.50,60,13581,101872,106632,11067,18586,234352,15714,99280,59172,77086,15674,9897,75432,18586,96357,9515,9784,58896,53922,14755,89693,9140,13179,1169,1656,8497,100667,9097
SURFPAS1-38,0.00,0.90,99.10,"1,600",6036,102356,100657,3506,12797,241631,7949,92430,64575,81883,13641,4789,70493,12797,90363,1826,2388,52795,49316,6609,84051,5580,5407,1937,113,1361,104694,5348
SURFPAS1-40,0.00,84.50,15.50,54,3287,83088,156145,19809,65745,183174,67473,150406,30459,74681,32595,11186,108456,70011,146020,61160,17990,56671,64040,27197,80841,23548,19171,123,3352,60165,70723,18507
SURFPAS1-34,0.00,1.80,98.20,42,4120,61996,90002,3027,54933,82162,807,82966,85001,96061,37172,11728,11728,83995,97786,3075,44530,41976,54106,31498,30106,83095,33120,874,393,43971,283612,9263
SURFPAS1-35,0.00,100.00,0.00,11,11921,65994,83744,8131,62611,89585,8591,74075,76264,87152,28625,20245,20245,91619,89076,8139,53459,35559,48358,28037,39019,75301,24323,5124,1469,35200,276107,16529
SURFPAS1-33,0.00,14.50,85.50,60,1859,55209,82403,8843,46238,73491,8688,90156,93175,97696,40365,9661,9661,75299,100531,8913,37381,45621,56689,23839,22695,87950,37638,227,498,46026,292312,815
SURFPAS1-36,0.00,98.60,1.40,87,16495,35304,42078,11747,21565,130752,21419,37596,33932,46255,1753,26350,9650,124934,46690,22394,36576,13785,36783,13785,22041,55065,6130,8829,1508,7524,236155,7574
SURFPAS1-44,13.60,86.40,0.00,16,26024,170436,84602,30341,50883,115920,40388,173472,126256,29343,34066,28974,34883,45635,349839,34181,35841,40677,30341,34181,31262,150905,38815,3178,4012,35439,179219,2364
SURFPAS1-43,6.90,93.10,0.00,61,31483,93725,67587,29691,27196,136857,52051,167828,143663,29691,23115,33258,36577,49135,279353,35625,33569,32216,29691,34822,31696,104559,32394,7394,148,43304,101237,6497
SURFPAS1-45,0.00,100.00,0.00,31,6652,169354,89324,19975,68389,101374,21272,170292,117921,26744,40965,43094,48007,56590,369338,48524,50862,24500,45483,19975,22723,146965,19719,6675,6182,54241,196650,17673
SURFPAS1-41,8.70,91.30,0.00,28,11491,65861,76458,4496,65859,147929,69627,162341,109503,23669,14053,49822,41228,64664,255551,12723,12677,55058,4496,22037,42694,67827,13351,4959,10868,40934,66069,10353
SURFPAS1-42,0.00,100.00,0.00,63,35333,78633,79444,32121,41936,150386,65495,177385,129254,32121,38577,48797,50894,64604,263818,40242,36138,47269,32121,49461,46765,91222,37967,3156,3668,56699,87431,20219
